id,Emergency Type,Response Team,Contact Information,Operating Hours,Location,Response Time,Emergency Response & Contingency Plan Name,Emergency Response & Contingency Plan Description,Emergency Response & Contingency Plan Type,Emergency Response & Contingency Plan Frequency,Emergency Response & Contingency Plan Cost,Equipment,Training,Customer Reviews,Photos/Videos,FAQ,Updates and Notices,Terms and Conditions,Emergency Response & Contingency Plan Benefits,Emergency Response & Contingency Plan Challenges,Emergency Response & Contingency Plan Recommendations
1,Fire,"Fire Brigade","[email protected], +11234567890","24/7","New York","5 mins","FireGuard","Plan for fire emergencies","On-site drill","Quarterly",$1000,"Fire truck, Extinguishers","Bi-monthly drills",4.5 stars,"Image1.jpg","Evacuation process?",None,"Link to terms","Fast response, Professional team","Heavy traffic","Regular drills, Clear evacuation routes"
2,Medical,"Paramedics","[email protected], +12234567891","24/7","Los Angeles","10 mins","MediCare","Medical emergency response","On-call","Always ready",None,"Ambulance, Medical kits","First aid training",4.8 stars,"Image2.jpg","Response time?",None,"Link to terms","Immediate medical care, Expertise","Remote locations","Have a medical kit on-site"
3,Power Outage,"Electricians","[email protected], +13234567892","9 AM - 6 PM","London","30 mins","PowerBack","Response to power outages","On-site inspection","Upon request",$500,"Toolkit, Safety gear","Safety protocols",4.6 stars,"Image3.jpg","Backup power?",None,"Link to terms","Quick restoration, Safety","Complex issues","Regular maintenance checks"
4,Network Outage,"IT Team","[email protected], +14234567893","24/7","Sydney","15 mins","NetRestore","Handle network outages","Remote and on-site","On demand",$800,"Servers, Cables","Cybersecurity training",4.7 stars,"Image4.jpg","Data breach?",None,"Link to terms","Minimized downtime, Data protection","Cyber-attacks","Regular backups, Cybersecurity measures"
5,Security,"Security Guards","[email protected], +15234567894","24/7","Toronto","Immediate","SecureGuard","Security breaches & threats","Patrol","Always on alert",None,"Radios, Weapons","Security protocols",4.9 stars,"Image5.jpg","CCTV coverage?",None,"Link to terms","Safe environment, Vigilance","Insider threats","Background checks for all staff"
6,Chemical Spill,"Hazard Team","[email protected], +16234567895","9 AM - 7 PM","Mumbai","20 mins","ChemSafe","Handle chemical hazards","On-site cleanup","Upon incident",$1500,"Hazmat suits, Cleanup kits","Chemical safety training",4.4 stars,"Image6.jpg","First aid for exposure?",None,"Link to terms","Safe cleanup, Expertise","Toxic fumes","Regular equipment checks, Proper storage"
7,Weather,"Meteorologists","[email protected], +17234567896","24/7","Tokyo","5 mins before","WeatherWarn","Response to severe weather","Notifications","Real-time",None,"Satellites, Radars","Weather forecasting",5 stars,"Image7.jpg","Tornado shelters?",None,"Link to terms","Early warnings, Safety","Unpredictable nature","Stay updated, Have an emergency kit"
8,Flood,"Rescue Team","[email protected], +18234567897","24/7","Paris","10 mins","FloodFight","Respond to floods","Rescue operations","During flood season",$2000,"Boats, Life vests","Water safety training",4.3 stars,"Image8.jpg","Evacuation centers?",None,"Link to terms","Swift rescues, Safety","Rapid water rise","Know evacuation routes, Stay updated"
9,Earthquake,"Seismic Experts","[email protected], +19234567898","24/7","Berlin","Post-event","QuakeCare","Handle earthquake aftermath","Inspections","Post-event",$1800,"Seismic tools, Safety gear","Earthquake safety training",4.5 stars,"Image9.jpg","Building safety?",None,"Link to terms","Safety checks, Damage assessment","Aftershocks","Regular building inspections, Earthquake drills"
10,Terror Threat,"SWAT Team","[email protected], +10234567899","24/7","Sao Paulo","Immediate","TerrorGuard","Counteract terror threats","Counter-terrorism","Upon intel",$2500,"Armored vehicles, Tactical gear","Combat training",4.9 stars,"Image10.jpg","Safety during threats?",None,"Link to terms","Immediate response, Neutralization","Public panic","Stay vigilant, Report suspicious activity"