id,Sustainable Materials,Recycling Information,Certifications,Carbon Footprint,Supply Chain Ethics,Sustainability option ID,Name,Description,Benefits,Drawbacks,Local Sourcing,Reuse Options,End-of-Life Programs,Environmental Partnerships,Customer Testimonials,FAQs on Sustainability,Image,Recommended for
1,Recycled Paper,100% Recyclable,ISO 14001,Low,Child labor-free manufacturing,SO001,EcoPaper,Recycled paper-based packaging,Eco-friendly, less waste,Not as durable,Yes,Reuse as compost,Biodegrade program,Green Earth,"""Love this eco-friendly option!"" - John D.",FAQs1,imgSO001.jpg,Books
2,Bioplastics,Industrial compostable,Compost Certification,Medium,Ethical wages,SO002,BioWrap,Made from plant-based plastics,Reduces plastic waste,Requires industrial composting,Yes,Industrial composting,Plant tree program,EarthSavers,"""A sustainable choice for my brand."" - Sarah L.",FAQs2,imgSO002.jpg,Food
3,Glass,100% Recyclable,ISO 14024,Medium,Local materials sourcing,SO003,GlassGuard,Reusable glass packaging,Long-lasting, can be reused,Breakable,No,Return for refill,WaterFirst Initiative,"""Sturdy and sustainable."" - Mike R.",FAQs3,imgSO003.jpg,Beverages
4,Bamboo,100% Biodegradable,FSC Certified,Low,Sustainably harvested,SO004,BamBox,Bamboo-based packaging,Highly sustainable,Water-intensive to produce,Yes,Re-purposing,Return & Renew program,EcoAlliance,"""Chic and eco-friendly!"" - Lisa K.",FAQs4,imgSO004.jpg,Jewelry
5,Hemp,100% Biodegradable,Hemp Certification,Low,Ethical farming,SO005,HempHold,Hemp fabric-based packaging,Renewable & durable resource,Specialized recycling needed,Yes,Re-purposing,Hemp regeneration,Green Innovators,"""A unique and eco choice."" - Tony E.",FAQs5,imgSO005.jpg,Clothing
6,Mushroom,100% Compostable,Organic Certification,Low,Organic farming,SO006,FungiFit,Mushroom-based packaging,Decomposes quickly in nature,Less protective,Yes,Composting,Join the Fungi,GreenSquad,"""Surprisingly sturdy!"" - Jane P.",FAQs6,imgSO006.jpg,Electronics
7,Jute,100% Biodegradable,Natural Fiber Cert,Low,Fair Trade,SO007,JuteJourney,Natural jute packaging,Robust & natural,Can retain moisture,No,Re-purposing,Natural Return,Earth Lovers,"""Great for organic brands."" - Ron S.",FAQs7,imgSO007.jpg,Textiles
8,Cork,100% Biodegradable,Cork Certificate,Low,Sustainably harvested,SO008,CorkCase,Natural cork packaging,Lightweight & sustainable,Less shock absorption,No,Re-purposing,Cork Rebirth,Planet Protectors,"""Adds a touch of luxury."" - Amy W.",FAQs8,imgSO008.jpg,Wine & Spirits
9,Aluminum,100% Recyclable,Metal Cert,Medium,Ethical mining,SO009,AluPack,Aluminum-based packaging,Lightweight & durable,Energy-intensive to produce,No,Recycling,Metal's New Life,FutureSavers,"""Chic metal finish."" - Leo G.",FAQs9,imgSO009.jpg,Cosmetics
10,Seaweed,100% Biodegradable,SeaCert,Low,Marine conservation,SO010,SeaWrap,Seaweed-based packaging,Marine biodegradable,Shorter shelf life,Yes,Composting,Blue Planet,"""Innovative and green."" - Claire H.",FAQs10,imgSO010.jpg,Perishable goods