id,Facebook Profile URL,Twitter Handle,LinkedIn Profile URL,Instagram Username,YouTube Channel URL,Pinterest Username,Snapchat Username,TikTok Username,Reddit Username,Personal Blog URL
1,https://facebook.com/user1,@user1,https://linkedin.com/in/user1,user1_insta,https://youtube.com/user1,user1_pinterest,user1_snap,user1_tiktok,user1_reddit,https://user1-blog.com
2,https://facebook.com/user2,@user2,https://linkedin.com/in/user2,user2_insta,https://youtube.com/user2,user2_pinterest,user2_snap,user2_tiktok,user2_reddit,https://user2-blog.com
3,https://facebook.com/user3,@user3,https://linkedin.com/in/user3,user3_insta,https://youtube.com/user3,user3_pinterest,user3_snap,user3_tiktok,user3_reddit,https://user3-blog.com
4,https://facebook.com/user4,@user4,https://linkedin.com/in/user4,user4_insta,https://youtube.com/user4,user4_pinterest,user4_snap,user4_tiktok,user4_reddit,https://user4-blog.com
5,https://facebook.com/user5,@user5,https://linkedin.com/in/user5,user5_insta,https://youtube.com/user5,user5_pinterest,user5_snap,user5_tiktok,user5_reddit,https://user5-blog.com
6,https://facebook.com/user6,@user6,https://linkedin.com/in/user6,user6_insta,https://youtube.com/user6,user6_pinterest,user6_snap,user6_tiktok,user6_reddit,https://user6-blog.com
7,https://facebook.com/user7,@user7,https://linkedin.com/in/user7,user7_insta,https://youtube.com/user7,user7_pinterest,user7_snap,user7_tiktok,user7_reddit,https://user7-blog.com
8,https://facebook.com/user8,@user8,https://linkedin.com/in/user8,user8_insta,https://youtube.com/user8,user8_pinterest,user8_snap,user8_tiktok,user8_reddit,https://user8-blog.com
9,https://facebook.com/user9,@user9,https://linkedin.com/in/user9,user9_insta,https://youtube.com/user9,user9_pinterest,user9_snap,user9_tiktok,user9_reddit,https://user9-blog.com
10,https://facebook.com/user10,@user10,https://linkedin.com/in/user10,user10_insta,https://youtube.com/user10,user10_pinterest,user10_snap,user10_tiktok,user10_reddit,https://user10-blog.com
