id,Introduction,Scope of Services,Payment Terms,Cancellation Policy,Liability Limitations,Governing Law,Shipping Policy,Refund Policy,Privacy Policy,Security Policy,Privacy Policy,Dispute Resolution,Amendment Clause,Force Majeure,Customer Responsibilities,Dispute Resolution Policy,Warranty Policy,Force Majeure Clause,Other Terms and Conditions
1,Welcome to ServiceA., "We offer digital services.", "Net 30 days.", "Cancel within 24 hours for full refund.", "Liability limited to service cost.", "Laws of California.", "Ships within 3 days.", "Full refund within 7 days.", "Data stored securely.", "We use SSL encryption.", "Data not shared with 3rd parties.", "Arbitration in Los Angeles.", "Can update T&C anytime.", "Not responsible for acts of God.", "Customers must provide accurate info.", "All disputes via mediation.", "1-year product warranty.", "Excludes events out of our control.", "No other implied terms."
2,Thanks for choosing ServiceB., "We sell physical products.", "Due upon receipt.", "Cancel within 14 days.", "Not responsible for delivery delays.", "Laws of New York.", "Free shipping over $50.", "Refunds on faulty items only.", "Data stored for 6 months.", "Daily security scans.", "Data only for service improvement.", "Disputes settled in NY.", "Notice given for changes.", "Excludes natural disasters.", "Customers handle returns.", "Resolution within 30 days.", "30-day product warranty.", "Excludes unforeseen events.", "All rights reserved."
3,ServiceC welcomes you., "Subscription service provided.", "Monthly billing.", "Cancel anytime, no refunds.", "Liability excludes content loss.", "Laws of Texas.", "N/A", "No refunds after billing.", "Data used for analytics.", "Firewall protection active.", "No data resale.", "Mediation in Texas.", "Two weeks notice for changes.", "Not liable for external issues.", "Maintain account security.", "Must notify within 7 days of issue.", "Service level agreement active.", "Excludes global issues.", "Terms subject to change."
4,Welcome to ServiceD., "We offer consultancy.", "50% upfront.", "Refund minus costs.", "Not liable for decision outcomes.", "Laws of Florida.", "N/A", "No refunds after service.", "Data stored under GDPR.", "Password encryption used.", "No third-party sharing.", "Settled in Florida courts.", "Users notified of changes.", "No liability during pandemics.", "Provide accurate briefs.", "In-person arbitration.", "No warranties on advice.", "No liability during strikes.", "Use at own risk."
5,Thanks for using ServiceE., "We offer online storage.", "Yearly subscription.", "Refund before 30 days.", "Excludes data loss from user error.", "Laws of Illinois.", "N/A", "Prorated refunds.", "Compliant with CCPA.", "2FA recommended.", "Anonymous data usage.", "Settlement in Illinois.", "Terms can change yearly.", "Excludes server attacks.", "Keep backups.", "Settlement via online mediation.", "99.9% uptime guarantee.", "Excludes data center issues.", "All content copyrighted."
6,ServiceF introduction., "Physical goods rental.", "Payment upon order.", "72 hours cancellation notice.", "Not liable for misuse.", "Laws of Ohio.", "Shipping varies by weight.", "Only if product faulty.", "Data not used for marketing.", "Encrypted data transfer.", "Only for service delivery.", "Ohio court settlement.", "Email notice for changes.", "Excludes political events.", "Must return in condition received.", "Mutual resolution first.", "Warranty as per product.", "Excludes major global events.", "Respect all terms."
7,Greetings from ServiceG., "Event management services.", "25% booking fee.", "Refund if 30 days notice.", "Excludes guest cancellations.", "Laws of Georgia.", "N/A", "Depends on suppliers.", "Only name and date stored.", "Payment data not stored.", "Contact for data deletion.", "Resolution in Georgia.", "Can amend with reason.", "Not liable during lockdowns.", "Provide event details.", "Refunds via internal review.", "Service satisfaction guarantee.", "Excludes natural calamities.", "Service may vary."
8,ServiceH welcomes clients., "IT solutions provided.", "Hourly billing.", "Refund for unsatisfactory service.", "Excludes third-party software issues.", "Laws of Michigan.", "N/A", "Determined case by case.", "Data encrypted on servers.", "Regular security updates.", "Client data confidentiality.", "Settled in Michigan.", "Updates every January.", "Excludes power outages.", "Cooperate during development.", "Client feedback phase.", "Software support for 6 months.", "No liability during blackouts.", "Mutual respect expected."
9,Welcome to ServiceI., "We provide online courses.", "Payment before access.", "Refund before course start.", "Not responsible for student outcomes.", "Laws of Washington.", "N/A", "After course, no refund.", "Minimal data collection.", "Secure course login.", "Only for course updates.", "Dispute in Washington.", "Courses may update content.", "Excludes website downtime.", "Honor course integrity.", "Feedback form for issues.", "6 months course access.", "Excludes content changes.", "Honest feedback appreciated."
10,ServiceJ appreciates you., "Book publishing services.", "Payment upon manuscript acceptance.", "Before printing, full refund.", "Not responsible for sales.", "Laws of Virginia.", "Varies by order size.", "Misprints refunded.", "Author data confidentiality.", "Manuscript encryption.", "For publishing updates.", "Settled in Virginia.", "Contracts may update.", "Excludes publication bans.", "Maintain content originality.", "Internal review process.", "Quality print guarantee.", "Excludes material shortages.", "Collaboration valued."